summary,resultCount,state,lt,ln
EXTREME,239,texas,31.9685988,-99.9018131
EXTREME,238,ohio,40.4172871,-82.907123
EXTREME,237,florida,27.6648274,-81.5157535
EXTREME,237,georgia,32.1656221,-82.9000751
EXTREME,237,new york,40.7127753,-74.0059728
EXTREME,237,virginia,37.4315734,-78.6568942
EXTREME,231,california,36.778261,-119.4179324
EXTREME,229,illinois,40.6331249,-89.3985283
MANY,208,washington,47.7510741,-120.7401385
MANY,150,colorado,39.5500507,-105.7820674
MANY,143,arizona,34.0489281,-111.0937311
MANY,140,michigan,44.3148443,-85.6023643
MANY,133,massachusetts,42.4072107,-71.3824374
MANY,125,north carolina,35.7595731,-79.0192997
MANY,117,maryland,39.0457549,-76.6412712
MANY,113,indiana,40.2671941,-86.1349019
MANY,112,missouri,37.9642529,-91.8318334
MANY,108,oregon,43.8041334,-120.5542012
MANY,105,wisconsin,43.7844397,-88.7878678
MANY,103,pennsylvania,41.2033216,-77.1945247
Lots,97,new jersey,40.0583238,-74.4056612
Lots,86,iowa,41.8780025,-93.097702
Lots,86,oklahoma,35.0077519,-97.092877
Lots,85,minnesota,46.729553,-94.6858998
Lots,78,kansas,39.011902,-98.4842465
Lots,74,utah,39.3209801,-111.0937311
Lots,72,connecticut,41.6032207,-73.087749
Lots,70,alabama,32.3182314,-86.902298
Some,69,nevada,38.8026097,-116.419389
Some,66,louisiana,30.9842977,-91.9623327
Some,64,tennessee,35.5174913,-86.5804473
Some,59,south carolina,33.836081,-81.1637245
Some,44,kentucky,37.8393332,-84.2700179
Some,43,vermont,44.5588028,-72.5778415
Some,39,maine,45.253783,-69.4454689
Some,35,hawaii,19.8967662,-155.5827818
Some,34,new hampshire,43.1938516,-71.5723953
Some,33,mississippi,32.3546679,-89.3985283
VeryFew,32,idaho,44.0682019,-114.7420408
VeryFew,27,nebraska,41.4925374,-99.9018131
VeryFew,27,wyoming,43.0759678,-107.2902839
VeryFew,25,montana,46.8796822,-110.3625658
VeryFew,25,new mexico,34.5199402,-105.8700901
VeryFew,23,alaska,64.2008413,-149.4936733
VeryFew,22,delaware,38.9108325,-75.5276699
VeryFew,19,rhode island,41.5800945,-71.4774291
VeryFew,14,south dakota,43.9695148,-99.9018131
VeryFew,13,west virginia,38.5976262,-80.4549026
VeryFew,12,north dakota,47.5514926,-101.0020119
